strain,gc_perc,phylogroup
26968_7_1,60.18,6
26968_7_10,60.08,6
26968_7_100,55.21,4
26968_7_102,54.87,1
26968_7_104,59.25,5
26968_7_106,58.99,5
26968_7_107,59.09,5
26968_7_108,55.43,4
26968_7_109,55.23,9
26968_7_11,59.21,5
26968_7_110,54.8,1
26968_7_111,59.03,5
26968_7_113,58.91,5
26968_7_114,59.3,5
26968_7_115,58.98,5
26968_7_116,54.8,1
26968_7_117,54.98,1
26968_7_118,59.3,5
26968_7_12,53.79,3
26968_7_120,59.08,5
26968_7_121,54.95,1
26968_7_122,59.29,5
26968_7_123,60.05,6
26968_7_124,55.29,9
26968_7_125,55.07,1
26968_7_126,59.87,2
26968_7_127,59.21,5
26968_7_128,59.36,5
26968_7_129,55.09,1
26968_7_13,58.94,5
26968_7_131,59.92,6
26968_7_132,55.04,9
26968_7_133,55.15,9
26968_7_135,59.25,5
26968_7_136,59.2,5
26968_7_137,54.8,1
26968_7_138,60.12,6
26968_7_139,54.52,1
26968_7_140,54.94,1
26968_7_141,59.74,2
26968_7_142,59.36,5
26968_7_143,59.17,5
26968_7_144,59.32,5
26968_7_146,59.59,6
26968_7_147,54.97,1
26968_7_148,54.98,1
26968_7_149,54.8,1
26968_7_15,54.97,9
26968_7_150,55.41,4
26968_7_152,54.93,1
26968_7_153,59.22,5
26968_7_154,60.07,6
26968_7_155,55.12,9
26968_7_156,55.13,9
26968_7_157,55.02,1
26968_7_159,58.99,5
26968_7_16,55.03,9
26968_7_160,55.06,1
26968_7_161,55.06,1
26968_7_162,59.59,6
26968_7_163,55.24,1
26968_7_164,58.89,5
26968_7_165,54.79,1
26968_7_166,59.17,5
26968_7_167,58.99,5
26968_7_168,55.07,1
26968_7_169,55.22,4
26968_7_17,55.12,9
26968_7_170,60.07,6
26968_7_172,54.8,1
26968_7_174,54.8,1
26968_7_175,59.06,5
26968_7_176,55.04,1
26968_7_177,58.99,5
26968_7_178,59.01,5
26968_7_18,60.1,6
26968_7_180,59.18,2
26968_7_181,55.84,8
26968_7_183,59.87,2
26968_7_185,59.2,5
26968_7_186,55.96,8
26968_7_187,59.73,2
26968_7_188,52.78,7
26968_7_19,53.89,3
26968_7_193,58.89,5
26968_7_194,59.74,2
26968_7_195,59.83,2
26968_7_196,55.42,4
26968_7_197,59.75,2
26968_7_2,56.15,8
26968_7_200,58.89,5
26968_7_201,59.03,5
26968_7_202,53.62,3
26968_7_203,59.18,2
26968_7_204,55.55,4
26968_7_205,59.75,2
26968_7_206,59.31,5
26968_7_207,55.24,1
26968_7_208,59.09,5
26968_7_209,59.2,5
26968_7_21,59.03,5
26968_7_210,60.06,2
26968_7_211,59.28,11
26968_7_214,54.93,1
26968_7_215,54.8,1
26968_7_216,59.1,5
26968_7_217,58.92,5
26968_7_218,59.46,2
26968_7_219,59.35,5
26968_7_22,59.86,2
26968_7_221,53.94,3
26968_7_222,59.96,6
26968_7_223,55.04,1
26968_7_224,59.04,5
26968_7_225,59.12,5
26968_7_227,60.06,2
26968_7_229,53.91,3
26968_7_23,55.38,4
26968_7_230,59.28,11
26968_7_231,59.11,5
26968_7_232,59.03,5
26968_7_233,59.25,5
26968_7_235,59.8,2
26968_7_236,55.42,4
26968_7_237,59.7,2
26968_7_239,52.77,7
26968_7_24,54.97,1
26968_7_240,59.08,5
26968_7_241,59.25,5
26968_7_242,59.19,2
26968_7_243,59.18,2
26968_7_244,59.62,6
26968_7_245,55.1,1
26968_7_247,52.64,7
26968_7_248,59.08,5
26968_7_249,58.92,5
26968_7_25,59.79,6
26968_7_253,59.85,2
26968_7_255,59.33,5
26968_7_257,59.28,2
26968_7_259,59.65,6
26968_7_26,53.86,3
26968_7_261,59.25,5
26968_7_262,58.82,5
26968_7_263,58.95,5
26968_7_264,59.45,2
26968_7_265,59.68,6
26968_7_266,58.82,5
26968_7_27,53.8,3
26968_7_28,59.04,5
26968_7_3,59.75,2
26968_7_30,60.1,6
26968_7_31,53.97,3
26968_7_32,53.85,3
26968_7_34,54.94,1
26968_7_35,55.38,4
26968_7_36,55.38,4
26968_7_37,55.29,9
26968_7_38,59.82,6
26968_7_39,53.8,3
26968_7_4,55.13,1
26968_7_40,53.35,3
26968_7_41,58.95,5
26968_7_42,55.13,1
26968_7_43,55.5,4
26968_7_44,54.87,9
26968_7_45,59.75,2
26968_7_46,59.75,6
26968_7_47,53.93,3
26968_7_48,53.84,3
26968_7_49,54.95,1
26968_7_5,58.99,5
26968_7_50,55.22,9
26968_7_51,55.03,9
26968_7_52,55.21,9
26968_7_54,53.87,3
26968_7_57,55.57,4
26968_7_58,55.48,4
26968_7_59,54.99,9
26968_7_6,53.59,3
26968_7_60,59.26,5
26968_7_61,60.02,6
26968_7_62,53.8,3
26968_7_63,59.03,5
26968_7_65,55.37,4
26968_7_66,55.32,9
26968_7_67,55.08,1
26968_7_69,53.76,3
26968_7_7,58.94,5
26968_7_70,52.76,7
26968_7_71,59.03,5
26968_7_72,52.77,7
26968_7_73,55.42,4
26968_7_74,55.01,1
26968_7_75,55.05,9
26968_7_77,53.94,3
26968_7_78,52.59,7
26968_7_79,60.12,6
26968_7_8,55.31,4
26968_7_80,59.34,5
26968_7_81,53.85,3
26968_7_83,59.04,5
26968_7_84,55.4,4
26968_7_86,55.46,4
26968_7_87,55.07,1
26968_7_88,54.69,1
26968_7_89,58.79,5
26968_7_9,55.01,1
26968_7_90,59.08,5
26968_7_91,59.12,5
26968_7_93,55.21,9
26968_7_95,55.45,4
26968_7_96,59.28,5
26968_7_97,58.81,5
26968_7_98,55.19,9
GCA_000214195.1_ASM21419v1_genomic,55.96,8
GCA_000214235.1_ASM21423v1_genomic,55.96,8
GCA_000214805.1_ASM21480v1_genomic,55.96,8
GCA_000261045.2_ASM26104v2_genomic,55.65,8
GCA_000292365.1_ASM29236v1_genomic,59.24,2
GCA_000300895.1_ASM30089v1_genomic,56.1,8
GCA_000330865.1_ASM33086v1_genomic,58.86,11
GCA_000336365.1_ASM33636v1_genomic,56.17,8
GCA_000336425.1_ASM33642v1_genomic,59.55,2
GCA_000342205.1_SerMar_1.0_genomic,59.47,2
GCA_000347995.1_ASM34799v1_genomic,54.99,1
GCA_000422085.1_ASM42208v1_genomic,55.33,4
GCA_000438825.1_ASM43882v1_genomic,56.2,8
GCA_000465615.2_GS_De_Novo_Assembly_genomic,59.78,2
GCA_000468075.1_Serratia_fanticola_AU-P3_3__genomic,53.75,3
GCA_000476315.1_UTAD54_1_genomic,53.54,3
GCA_000477615.1_Serratia_fanticola_genomic,53.75,3
GCA_000478545.1_ASM47854v1_genomic,56.2,8
GCA_000513215.1_DB11_genomic,59.51,2
GCA_000633335.1_ASM63333v1_genomic,59.24,2
GCA_000633555.1_ASM63355v1_genomic,59.23,2
GCA_000648575.1_ASM64857v1_genomic,56.21,8
GCA_000695485.1_smgenome_genomic,59.82,2
GCA_000695995.1_ASM69599v1_genomic,59.46,2
GCA_000699165.1_ASM69916v1_genomic,55.75,4
GCA_000734885.1_SerGri_SPAdes_genomic,52.85,7
GCA_000738535.1_ASM73853v1_genomic,59.1,2
GCA_000738675.1_ASM73867v1_genomic,59.54,2
GCA_000739215.1_ASM73921v1_genomic,59.91,2
GCA_000747565.1_ASM74756v1_genomic,59.59,2
GCA_000783615.2_ASM78361v2_genomic,59.72,2
GCA_000783915.2_ASM78391v2_genomic,59.88,2
GCA_000783975.2_ASM78397v2_genomic,59.66,2
GCA_000805875.1_SmRM66262_v1.0_genomic,60.06,2
GCA_000828775.1_ASM82877v1_genomic,59.74,2
GCA_000975245.1_ASM97524v1_genomic,55.19,4
GCA_001006005.1_ASM100600v1_genomic,53.61,3
GCA_001007555.1_2015-04-28_genomic,59.15,2
GCA_001011075.1_ASM101107v1_genomic,59.26,2
GCA_001022215.1_ASM102221v1_genomic,58.61,2
GCA_001051865.1_ASM105186v1_genomic,59.53,2
GCA_001060335.1_ASM106033v1_genomic,59.47,2
GCA_001060585.1_ASM106058v1_genomic,59.93,2
GCA_001060625.1_ASM106062v1_genomic,59.34,2
GCA_001060655.1_ASM106065v1_genomic,59.35,2
GCA_001061145.1_ASM106114v1_genomic,59.58,2
GCA_001061195.1_ASM106119v1_genomic,59.93,2
GCA_001061225.1_ASM106122v1_genomic,59.92,2
GCA_001062235.1_ASM106223v1_genomic,59.58,2
GCA_001062285.1_ASM106228v1_genomic,59.94,2
GCA_001062925.1_ASM106292v1_genomic,55.44,4
GCA_001063125.1_ASM106312v1_genomic,59.61,2
GCA_001063145.1_ASM106314v1_genomic,59.77,2
GCA_001063175.1_ASM106317v1_genomic,59.77,2
GCA_001063325.1_ASM106332v1_genomic,59.47,2
GCA_001063375.1_ASM106337v1_genomic,59.45,2
GCA_001064335.1_ASM106433v1_genomic,59.77,2
GCA_001064345.1_ASM106434v1_genomic,59.78,2
GCA_001064455.1_ASM106445v1_genomic,59.82,2
GCA_001064715.1_ASM106471v1_genomic,59.47,2
GCA_001064725.1_ASM106472v1_genomic,59.48,2
GCA_001064835.1_ASM106483v1_genomic,59.47,2
GCA_001064855.1_ASM106485v1_genomic,59.47,2
GCA_001064975.1_ASM106497v1_genomic,59.45,2
GCA_001065325.1_ASM106532v1_genomic,59.72,2
GCA_001065405.1_ASM106540v1_genomic,59.45,2
GCA_001065935.1_ASM106593v1_genomic,59.01,2
GCA_001066945.1_ASM106694v1_genomic,60,2
GCA_001067015.1_ASM106701v1_genomic,60.17,2
GCA_001067375.1_ASM106737v1_genomic,59.31,2
GCA_001068085.1_ASM106808v1_genomic,59.65,2
GCA_001076625.1_ASM107662v1_genomic,59.77,2
GCA_001280365.1_ASM128036v1_genomic,59.61,2
GCA_001294565.1_ASM129456v1_genomic,59.8,2
GCA_001317205.2_56_S29v.02_genomic,58.97,2
GCA_001317425.2_59_S30v.02_genomic,58.79,2
GCA_001514455.1_ASM151445v1_genomic,53.69,3
GCA_001536325.1_12082_3_52_genomic,59.84,2
GCA_001536345.1_12082_2_67_genomic,59.9,2
GCA_001536365.1_12082_3_76_genomic,59.95,2
GCA_001536385.1_12082_3_28_genomic,60.05,2
GCA_001536405.1_12082_3_29_genomic,60.04,2
GCA_001536425.1_12082_3_92_genomic,59.93,2
GCA_001536445.1_12082_2_63_genomic,59.98,2
GCA_001536465.1_12082_2_70_genomic,59.98,2
GCA_001536485.1_12082_2_24_genomic,59.88,2
GCA_001536505.1_12082_2_64_genomic,59.89,2
GCA_001536525.1_12082_3_49_genomic,59.88,2
GCA_001536545.1_12082_3_88_genomic,60.18,2
GCA_001536565.1_12082_5_49_genomic,60.05,2
GCA_001536585.1_12082_5_39_genomic,59.98,2
GCA_001536605.1_12045_8_19_genomic,59.9,2
GCA_001536625.1_12082_3_56_genomic,60.18,2
GCA_001536645.1_12082_3_73_genomic,60.18,2
GCA_001536665.1_12082_3_57_genomic,60.1,2
GCA_001536685.1_12082_2_86_genomic,60.02,2
GCA_001536705.1_12082_3_61_genomic,60.03,2
GCA_001536725.1_12082_3_14_genomic,59.91,2
GCA_001536745.1_12082_3_86_genomic,59.88,2
GCA_001536765.1_12082_2_66_genomic,60.05,2
GCA_001536845.1_12082_3_30_genomic,59.85,2
GCA_001536895.1_12082_3_47_genomic,59.98,2
GCA_001536945.1_12082_3_63_genomic,59.99,2
GCA_001536965.1_12082_3_42_genomic,59.97,2
GCA_001536985.1_12082_2_79_genomic,60.09,2
GCA_001537005.1_12082_3_48_genomic,59.85,2
GCA_001537025.1_12082_2_54_genomic,59.94,2
GCA_001537045.1_12082_5_37_genomic,60.05,2
GCA_001537065.1_12082_3_13_genomic,59.99,2
GCA_001537085.1_12082_3_93_genomic,59.5,2
GCA_001537105.1_12045_8_17_genomic,60.04,2
GCA_001537125.1_12082_3_20_genomic,59.92,2
GCA_001537145.1_12082_2_28_genomic,59.68,2
GCA_001537165.1_12082_5_44_genomic,59.94,2
GCA_001537185.1_12082_3_26_genomic,59.98,2
GCA_001537205.1_12082_2_37_genomic,59.83,2
GCA_001537225.1_12082_2_72_genomic,59.94,2
GCA_001537245.1_12082_2_77_genomic,59.9,2
GCA_001537265.1_12082_3_3_genomic,60.07,2
GCA_001537285.1_12045_8_16_genomic,60.05,2
GCA_001537305.1_12082_5_41_genomic,60.06,2
GCA_001537325.1_12082_2_53_genomic,60.02,2
GCA_001537345.1_12082_2_78_genomic,60.08,2
GCA_001537365.1_12082_3_5_genomic,60.05,2
GCA_001537385.1_12082_3_2_genomic,59.85,2
GCA_001537405.1_12045_8_26_genomic,60.06,2
GCA_001537425.1_12082_2_48_genomic,60.09,2
GCA_001537445.1_12045_8_9_genomic,59.95,2
GCA_001537465.1_12082_2_82_genomic,60.05,2
GCA_001537485.1_12082_2_75_genomic,60.18,2
GCA_001537505.1_12082_5_35_genomic,59.93,2
GCA_001537525.1_12082_2_25_genomic,59.91,2
GCA_001537545.1_12082_3_18_genomic,59.69,2
GCA_001537565.1_12045_8_25_genomic,59.71,2
GCA_001537585.1_12082_3_71_genomic,60.05,2
GCA_001537605.1_12082_2_59_genomic,60.11,2
GCA_001537625.1_12082_3_27_genomic,60.02,2
GCA_001537645.1_12082_2_39_genomic,59.84,2
GCA_001537665.1_12082_2_85_genomic,59.92,2
GCA_001537685.1_12082_5_32_genomic,60.05,2
GCA_001537705.1_12082_3_82_genomic,59.88,2
GCA_001537725.1_12082_3_7_genomic,59.56,2
GCA_001537745.1_12082_3_95_genomic,59.9,2
GCA_001537765.1_12082_2_29_genomic,60.18,2
GCA_001537785.1_12045_8_1_genomic,60.03,2
GCA_001537805.1_12082_5_51_genomic,60.11,2
GCA_001537825.1_12045_8_21_genomic,60.18,2
GCA_001537845.1_12082_2_32_genomic,60.05,2
GCA_001537865.1_12082_5_46_genomic,59.93,2
GCA_001537885.1_12082_2_34_genomic,60.18,2
GCA_001537905.1_12082_5_34_genomic,60.09,2
GCA_001537925.1_12082_3_89_genomic,59.69,2
GCA_001538005.1_12082_3_46_genomic,59.94,2
GCA_001538115.1_12082_3_68_genomic,60.07,2
GCA_001538195.1_12045_8_14_genomic,59.82,2
GCA_001538275.1_12082_5_36_genomic,60.18,2
GCA_001538325.1_12082_5_42_genomic,59.89,2
GCA_001538345.1_12082_2_92_genomic,59.98,2
GCA_001538365.1_12082_2_91_genomic,60.01,2
GCA_001538385.1_12082_5_30_genomic,60.01,2
GCA_001538405.1_12082_3_65_genomic,60.18,2
GCA_001538425.1_12082_2_74_genomic,60.11,2
GCA_001538445.1_12082_2_56_genomic,59.85,2
GCA_001538465.1_12045_8_5_genomic,59.94,2
GCA_001538485.1_12045_8_15_genomic,59.8,2
GCA_001538505.1_12082_3_45_genomic,60.11,2
GCA_001538525.1_12082_2_33_genomic,60.09,2
GCA_001538545.1_12045_8_11_genomic,60.07,2
GCA_001538565.1_12082_3_96_genomic,59.77,2
GCA_001538585.1_12082_3_75_genomic,59.81,2
GCA_001538605.1_12082_2_30_genomic,59.71,2
GCA_001538625.1_12082_2_44_genomic,59.95,2
GCA_001538645.1_12082_3_15_genomic,59.98,2
GCA_001538665.1_12082_5_47_genomic,60.1,2
GCA_001538685.1_12082_3_64_genomic,60.18,2
GCA_001538705.1_12045_8_23_genomic,59.68,2
GCA_001538725.1_12082_2_60_genomic,60.11,2
GCA_001538745.1_12082_3_35_genomic,59.67,2
GCA_001538765.1_12082_2_35_genomic,59.94,2
GCA_001538785.1_12045_8_18_genomic,59.07,2
GCA_001538805.1_12082_2_55_genomic,59.88,2
GCA_001538825.1_12082_2_87_genomic,59.98,2
GCA_001538845.1_12082_3_90_genomic,60.18,2
GCA_001538865.1_12082_3_87_genomic,60.11,2
GCA_001538885.1_12082_3_32_genomic,59.93,2
GCA_001538905.1_12082_2_23_genomic,59.91,2
GCA_001538925.1_12082_3_9_genomic,60.02,2
GCA_001538945.1_12082_3_34_genomic,59.86,2
GCA_001538965.1_12082_3_39_genomic,59.93,2
GCA_001538985.1_12045_8_27_genomic,60.08,2
GCA_001539005.1_12082_5_33_genomic,59.9,2
GCA_001539025.1_12082_2_27_genomic,59.68,2
GCA_001539045.1_12082_3_36_genomic,58.75,2
GCA_001539065.1_12082_5_48_genomic,60.03,2
GCA_001539085.1_12082_3_12_genomic,59.83,2
GCA_001539105.1_12045_8_10_genomic,60.04,2
GCA_001539125.1_12045_8_6_genomic,59.95,2
GCA_001539145.1_12082_3_16_genomic,59.91,2
GCA_001539185.1_12045_8_4_genomic,60.16,2
GCA_001539205.1_12082_3_59_genomic,59.87,2
GCA_001539225.1_12045_8_7_genomic,60.09,2
GCA_001539245.1_12082_3_24_genomic,60.07,2
GCA_001539265.1_12082_2_61_genomic,59.98,2
GCA_001539285.1_12082_3_37_genomic,60.09,2
GCA_001539305.1_12045_8_2_genomic,59.9,2
GCA_001539325.1_12082_3_53_genomic,59.83,2
GCA_001539345.1_12082_2_88_genomic,60.02,2
GCA_001539365.1_12082_2_58_genomic,59.75,2
GCA_001539385.1_12082_3_19_genomic,59.93,2
GCA_001539405.1_12082_3_38_genomic,59.98,2
GCA_001539425.1_12082_2_81_genomic,59.98,2
GCA_001539445.1_12082_3_62_genomic,59.36,2
GCA_001539465.1_12082_5_50_genomic,59.96,2
GCA_001539485.1_12045_8_3_genomic,59.82,2
GCA_001539505.1_12082_2_40_genomic,59.84,2
GCA_001539525.1_12082_5_52_genomic,60.02,2
GCA_001539545.1_12082_3_50_genomic,59.86,2
GCA_001539565.1_12082_3_1_genomic,60.02,2
GCA_001539585.1_12082_2_69_genomic,59.68,2
GCA_001539605.1_12082_3_80_genomic,59.98,2
GCA_001539625.1_12082_3_44_genomic,59.68,2
GCA_001539645.1_12082_2_46_genomic,60.18,2
GCA_001539665.1_12082_3_51_genomic,60.11,2
GCA_001539685.1_12082_3_79_genomic,60.02,2
GCA_001539705.1_12082_2_51_genomic,60.03,2
GCA_001539725.1_12082_2_47_genomic,59.85,2
GCA_001539745.1_12082_2_93_genomic,60.11,2
GCA_001539765.1_12082_2_65_genomic,60.05,2
GCA_001539785.1_12082_2_36_genomic,59.97,2
GCA_001539805.1_12082_2_42_genomic,60.04,2
GCA_001539825.1_12082_3_74_genomic,59.83,2
GCA_001539845.1_12082_2_73_genomic,59.98,2
GCA_001539865.1_12082_3_11_genomic,59.82,2
GCA_001539885.1_12082_2_71_genomic,60.02,2
GCA_001539905.1_12082_3_58_genomic,60.06,2
GCA_001539925.1_12082_2_80_genomic,60.12,2
GCA_001539945.1_12082_3_60_genomic,59.99,2
GCA_001539965.1_12082_2_38_genomic,59.97,2
GCA_001539985.1_12045_8_24_genomic,59.7,2
GCA_001540005.1_12082_3_55_genomic,60.09,2
GCA_001540025.1_12082_3_40_genomic,59.84,2
GCA_001540045.1_12082_3_77_genomic,60.02,2
GCA_001540065.1_12082_3_84_genomic,59.96,2
GCA_001540085.1_12082_5_40_genomic,59.87,2
GCA_001540105.1_12082_3_10_genomic,59.82,2
GCA_001540125.1_12045_8_28_genomic,59.95,2
GCA_001540145.1_12082_3_33_genomic,59.84,2
GCA_001540165.1_12082_3_91_genomic,60.08,2
GCA_001540185.1_12082_2_41_genomic,60.02,2
GCA_001540205.1_12082_2_50_genomic,59.91,2
GCA_001540225.1_12045_8_22_genomic,60.1,2
GCA_001540245.1_12082_3_22_genomic,60.05,2
GCA_001540265.1_12082_2_57_genomic,59.75,2
GCA_001540285.1_12082_3_21_genomic,59.99,2
GCA_001540305.1_12082_2_94_genomic,59.85,2
GCA_001540325.1_12082_2_95_genomic,60.18,2
GCA_001540345.1_12082_3_67_genomic,59.82,2
GCA_001540365.1_12082_2_68_genomic,59.82,2
GCA_001540385.1_12082_2_84_genomic,59.98,2
GCA_001540405.1_12082_5_45_genomic,59.95,2
GCA_001540425.1_12082_2_62_genomic,60.08,2
GCA_001540445.1_12082_3_72_genomic,60.11,2
GCA_001540465.1_12082_5_38_genomic,59.83,2
GCA_001540485.1_12082_3_23_genomic,60.11,2
GCA_001540505.1_12082_3_78_genomic,60.02,2
GCA_001540525.1_12082_2_76_genomic,59.85,2
GCA_001540545.1_12082_3_66_genomic,59.84,2
GCA_001540565.1_12082_3_94_genomic,60.04,2
GCA_001540585.1_12082_3_85_genomic,60.01,2
GCA_001540605.1_12082_2_83_genomic,59.98,2
GCA_001540625.1_12082_2_89_genomic,60.01,2
GCA_001540645.1_12045_8_13_genomic,59.94,2
GCA_001540665.1_12045_8_12_genomic,59.95,2
GCA_001540685.1_12082_3_6_genomic,59.87,2
GCA_001540705.1_12082_3_70_genomic,59.7,2
GCA_001540725.1_12082_2_52_genomic,59.97,2
GCA_001540745.1_12082_3_4_genomic,60.1,2
GCA_001540765.1_12082_2_96_genomic,60.18,2
GCA_001540785.1_12082_3_83_genomic,60.01,2
GCA_001540805.1_12082_2_45_genomic,60.18,2
GCA_001540825.1_12082_3_54_genomic,59.63,2
GCA_001559135.2_ASM155913v2_genomic,55.33,4
GCA_001564475.1_12082_3_81_genomic,60.09,2
GCA_001566695.1_ASM156669v1_genomic,59.14,2
GCA_001572725.1_ASM157272v1_genomic,59.2,11
GCA_001606165.1_ASM160616v1_genomic,55.96,8
GCA_001642805.2_ASM164280v2_genomic,59.61,2
GCA_001643155.1_ASM164315v1_genomic,59.32,2
GCA_001663115.1_ASM166311v1_genomic,56.07,8
GCA_001663135.1_ASM166313v1_genomic,56.24,8
GCA_001672055.1_ASM167205v1_genomic,59.74,2
GCA_001692375.1_ASM169237v1_genomic,53.55,3
GCA_001714765.1_SerISTD041.0_genomic,59.71,2
GCA_001716895.1_ASM171689v1_genomic,59.78,2
GCA_001853455.1_ASM185345v1_genomic,59.45,2
GCA_001853495.1_ASM185349v1_genomic,59.52,2
GCA_001880985.1_ASM188098v1_genomic,53.91,3
GCA_001889685.1_ASM188968v1_genomic,59.21,2
GCA_001902635.1_ASM190263v1_genomic,58.87,13
GCA_001909165.1_ASM190916v1_genomic,59.58,2
GCA_001914155.1_ASM191415v1_genomic,60.11,2
GCA_001932655.1_ASM193265v1_genomic,59.53,2
GCA_001984565.1_ASM198456v1_genomic,59.89,2
GCA_002029205.1_ASM202920v1_genomic,59.35,2
GCA_002029225.1_ASM202922v1_genomic,59.62,2
GCA_002104095.1_ASM210409v1_genomic,59.96,2
GCA_002104105.1_ASM210410v1_genomic,59.96,2
GCA_002104115.1_ASM210411v1_genomic,59.96,2
GCA_002118055.1_ASM211805v1_genomic,59.13,2
GCA_002206385.2_ASM220638v2_genomic,56.06,10
GCA_002220515.1_ASM222051v1_genomic,59.39,2
GCA_002220535.1_ASM222053v1_genomic,59.63,2
GCA_002220555.1_ASM222055v1_genomic,60.16,2
GCA_002220575.1_ASM222057v1_genomic,59.34,2
GCA_002220595.1_ASM222059v1_genomic,59.33,2
GCA_002220615.1_ASM222061v1_genomic,59.45,2
GCA_002220635.1_ASM222063v1_genomic,59.5,2
GCA_002220655.1_ASM222065v1_genomic,59.7,2
GCA_002220675.1_ASM222067v1_genomic,59.52,2
GCA_002220695.1_ASM222069v1_genomic,59.34,2
GCA_002220715.1_ASM222071v1_genomic,59.24,2
GCA_002269665.1_ASM226966v1_genomic,53.87,3
GCA_002325865.1_ASM232586v1_genomic,59.87,2
GCA_002588845.1_ASM258884v1_genomic,53.77,3
GCA_002607755.1_ASM260775v1_genomic,54.94,9
GCA_002738105.1_ASM273810v1_genomic,59.82,2
GCA_002738145.1_ASM273814v1_genomic,59.77,2
GCA_002738155.1_ASM273815v1_genomic,58.93,2
GCA_002738185.1_ASM273818v1_genomic,58.93,2
GCA_002751935.1_ASM275193v1_genomic,59.38,2
GCA_002751955.1_ASM275195v1_genomic,59.42,2
GCA_002752085.1_ASM275208v1_genomic,59.56,2
GCA_002752095.1_ASM275209v1_genomic,59.43,2
GCA_002752135.1_ASM275213v1_genomic,59.37,2
GCA_002752155.1_ASM275215v1_genomic,59.45,2
GCA_002752195.1_ASM275219v1_genomic,59.5,2
GCA_002752235.1_ASM275223v1_genomic,59.47,2
GCA_002752255.1_ASM275225v1_genomic,59.49,2
GCA_002752265.1_ASM275226v1_genomic,59.51,2
GCA_002752435.1_ASM275243v1_genomic,59.37,2
GCA_002752455.1_ASM275245v1_genomic,59.2,2
GCA_002752475.1_ASM275247v1_genomic,59.18,2
GCA_002752495.1_ASM275249v1_genomic,59.39,2
GCA_002752535.1_ASM275253v1_genomic,59.3,2
GCA_002810285.1_ASM281028v1_genomic,59.79,2
GCA_002886905.1_ASM288690v1_genomic,58.34,2
GCA_002887105.1_ASM288710v1_genomic,58.17,2
GCA_002915435.1_ASM291543v1_genomic,59.48,2
GCA_002915445.1_ASM291544v1_genomic,59.77,2
GCA_002915475.1_ASM291547v1_genomic,59.77,2
GCA_002918955.1_ASM291895v1_genomic,58.97,2
GCA_002920095.1_ASM292009v1_genomic,58.99,2
GCA_002920115.1_ASM292011v1_genomic,58.94,2
GCA_002920145.1_ASM292014v1_genomic,58.97,2
GCA_002920335.1_ASM292033v1_genomic,60.1,2
GCA_002920345.1_ASM292034v1_genomic,60.15,2
GCA_002920375.1_ASM292037v1_genomic,60.05,2
GCA_002920385.1_ASM292038v1_genomic,60.13,2
GCA_002920415.1_ASM292041v1_genomic,60.14,2
GCA_002920435.1_ASM292043v1_genomic,60.05,2
GCA_002920455.1_ASM292045v1_genomic,59.76,2
GCA_002920475.1_ASM292047v1_genomic,60.08,2
GCA_002920485.1_ASM292048v1_genomic,60.13,2
GCA_002920515.1_ASM292051v1_genomic,60.26,2
GCA_002935055.1_ASM293505v1_genomic,59.07,2
GCA_003146705.1_ASM314670v1_genomic,58.47,2
GCA_003182655.1_ASM318265v1_genomic,59.46,2
GCA_003206015.1_ASM320601v1_genomic,56.16,8
GCA_003241435.1_ASM324143v1_genomic,60.23,2
GCA_003524615.1_ASM352461v1_genomic,55.53,4
GCA_003530495.1_ASM353049v1_genomic,52.82,7
GCA_003540595.1_ASM354059v1_genomic,55.63,9
GCA_003591175.1_ASM359117v1_genomic,55.86,8
GCA_003634415.1_ASM363441v1_genomic,55.93,8
GCA_003641105.1_ASM364110v1_genomic,59.62,6
GCA_003699145.1_ASM369914v1_genomic,56.43,8
GCA_003812745.1_ASM381274v1_genomic,59.33,2
GCA_003967055.1_ASM396705v1_genomic,59.54,2
GCA_004153725.1_ASM415372v1_genomic,54.83,9
GCA_004153735.1_ASM415373v1_genomic,54.88,9
GCA_004153785.1_ASM415378v1_genomic,54.7,1
GCA_004153815.1_ASM415381v1_genomic,55.24,4
GCA_004153825.1_ASM415382v1_genomic,55.07,4
GCA_004153865.1_ASM415386v1_genomic,55.54,4
GCA_004153875.1_ASM415387v1_genomic,55.54,4
GCA_004153885.1_ASM415388v1_genomic,55.39,4
GCA_004196355.1_ASM419635v1_genomic,59.64,2
GCA_004196365.1_ASM419636v1_genomic,59.32,2
GCA_900108825.1_SM1890_genomic,58.27,2
GCA_900175135.1_MFPA44A14-05.10_genomic,54.85,9
GCA_900186025.1_BXF1_genomic,52.83,7
GCA_900187015.1_50465_F01_genomic,60.06,6
GCA_900456915.1_56433_D01_genomic,59.26,2
GCA_900456935.1_38109_A02_genomic,52.75,7
GCA_900456965.1_57675_G01_genomic,54.98,9
GCA_900457005.1_59449_G02_genomic,54.99,1
GCA_900457055.1_32117_E02_genomic,59.78,2
GCA_900457075.1_36672_B01_genomic,54.74,1
GCA_900457085.1_56089_E02_genomic,55.17,4
GCA_900478125.1_28193_B02_genomic,55.92,8
GCA_900478395.1_32135_B01_genomic,57.72,12
GCA_900635445.1_28869_A02_genomic,56.05,10
GCA_900635625.1_31436_B01_genomic,55.81,8
GCA_900635665.1_31769_F01_genomic,58.7,11
GCA_900637965.1_53990_D02_genomic,55.68,8
GCA_900638005.1_53550_B01_genomic,58.97,11
GCA_900638135.1_56433_G01_genomic,55.06,1
GCA_900638145.1_56433_F01_genomic,53.75,3
SJC1001,59.74,2
SJC1005,59.34,2
SJC1010,59.57,2
SJC1014,59.78,2
SJC1015,59.66,2
SJC1019,59.46,2
SJC1021,59.64,2
SJC1033,59.36,2
SJC1036,59.9,2
SJC1039,60.13,2
SJC1041,59.84,2
SJC1042,59.92,2
SJC1043,58.95,2
SJC1044,58.95,2
SJC1045,58.95,2
SJC1046,58.97,2
SJC1047,59.85,2
SJC1048,58.95,2
SJC1049,60.11,2
SJC1050,58.95,2
SJC1051,58.88,2
SJC1052,58.95,2
SJC1053,60.11,2
SJC1054,58.95,2
SJC1055,59.41,2
SJC1056,59.85,2
SJC1057,59.67,2
SJC1058,58.93,2
SJC1059,59.67,2
SJC1060,59.65,2
SJC1061,58.92,2
SJC1062,58.93,2
SJC1063,55.25,4
SJC1064,55,4
SJC1065,59.42,2
SJC1066,59.53,2
SJC1067,59.4,2
SJC1068,59.12,2
SJC1069,59.25,2
SJC1070,58.93,2
SJC1071,59.53,2
