strain,intergenic_gc,coding_gc,phylogroup
26968_7_100,46.3984125105,56.4216612218,4
26968_7_102,45.6651971015,56.067358229,1
26968_7_104,48.6533874386,60.8106011669,5
26968_7_106,48.4965322174,60.5497218406,5
26968_7_107,48.7040259965,60.5982897078,5
26968_7_108,46.2199729963,56.6761274967,4
26968_7_109,46.0129979307,56.4125180077,9
26968_7_10,50.0469052777,61.5543229099,6
26968_7_110,45.7253357961,56.0299530788,1
26968_7_111,48.6935686996,60.5739677259,5
26968_7_113,48.7207461173,60.4208867653,5
26968_7_114,48.6914770493,60.8668214679,5
26968_7_115,48.287942754,60.5403884424,5
26968_7_116,45.4565760201,56.0650358788,1
26968_7_117,45.9578374626,56.1839386096,1
26968_7_118,48.5017280001,60.8652032783,5
26968_7_11,48.5188533078,60.7915425953,5
26968_7_120,48.6214097775,60.6336903145,5
26968_7_121,45.9667784563,56.2114960028,1
26968_7_122,48.6256739111,60.8307057724,5
26968_7_123,49.4148564111,61.5762271535,6
26968_7_124,46.0899366497,56.4858223876,9
26968_7_125,45.7817725482,56.2806558374,1
26968_7_126,49.466059987,61.272061964,2
26968_7_127,48.5290601456,60.7881121247,5
26968_7_128,48.7955194638,60.9354935114,5
26968_7_129,45.6014754654,56.3060727321,1
26968_7_12,45.6665396507,54.9983828138,3
26968_7_131,49.9325762399,61.4715602104,6
26968_7_132,45.7784035646,56.2560053637,9
26968_7_133,46.0549899239,56.355970017,9
26968_7_135,48.5377426733,60.8031972488,5
26968_7_136,48.4077260948,60.7787431842,5
26968_7_137,45.7972237247,56.0290982985,1
26968_7_138,49.6905098521,61.6076260066,6
26968_7_139,45.6555253974,55.7576166943,1
26968_7_13,48.5433288629,60.4817717532,5
26968_7_140,45.6420131347,56.1951008106,1
26968_7_141,49.431782928,61.129725513,2
26968_7_142,48.7238873604,60.9298458271,5
26968_7_143,48.6915110119,60.6603730465,5
26968_7_144,48.6554136019,60.8378767267,5
26968_7_146,50.0106042831,61.0570138518,6
26968_7_147,45.678646749,56.2067931904,1
26968_7_148,45.7051400183,56.1859516708,1
26968_7_149,45.6991575827,55.9882115023,1
26968_7_150,46.405846252,56.6603836885,4
26968_7_152,45.5420846813,56.1596738288,1
26968_7_153,48.4969999686,60.8077444074,5
26968_7_154,49.6524058007,61.5688395197,6
26968_7_155,45.8204703183,56.3404576649,9
26968_7_156,45.9441042335,56.3502520536,9
26968_7_157,45.8102098281,56.2308125107,1
26968_7_159,48.5516997114,60.5464034861,5
26968_7_15,45.7994358555,56.2372983367,9
26968_7_160,45.9502424417,56.2618908173,1
26968_7_161,45.8954333235,56.2982283614,1
26968_7_162,49.9949448303,61.0458649766,6
26968_7_163,45.8267448167,56.465278384,1
26968_7_164,48.5703055766,60.4538251375,5
26968_7_165,45.3428289139,56.0641163427,1
26968_7_166,48.4813087825,60.7432907012,5
26968_7_167,48.629226169,60.5514127526,5
26968_7_168,45.8502222829,56.267386274,1
26968_7_169,46.3315070619,56.4215178536,4
26968_7_16,45.6533351463,56.230310577,9
26968_7_170,49.9986449048,61.5552874822,6
26968_7_172,45.7144593187,56.0322172662,1
26968_7_174,45.7245752597,56.0280418019,1
26968_7_175,48.5286517217,60.5650579873,5
26968_7_176,45.5983700572,56.2550927418,1
26968_7_177,48.5165876488,60.554858171,5
26968_7_178,48.5033793652,60.5536831459,5
26968_7_17,45.8505974441,56.342220012,9
26968_7_180,48.888416547,60.6535526339,2
26968_7_181,46.4852193632,57.2183945788,8
26968_7_183,49.4688777302,61.2727397409,2
26968_7_185,48.4942794057,60.7803268449,5
26968_7_186,46.4985412146,57.3210426691,8
26968_7_187,49.3108798757,61.170191199,2
26968_7_188,45.1382925022,53.8002922865,7
26968_7_18,49.7083877501,61.601722283,6
26968_7_193,48.184664507,60.4400960296,5
26968_7_194,49.3590036638,61.1688776849,2
26968_7_195,49.5326190457,61.2555731127,2
26968_7_196,46.390787528,56.6584579623,4
26968_7_197,49.1128309263,61.2261325064,2
26968_7_19,45.6807288032,55.1106956683,3
26968_7_1,49.8597336112,61.6526736013,6
26968_7_200,48.6490613547,60.385119119,5
26968_7_201,48.5884333348,60.5803936296,5
26968_7_202,45.627588404,54.8268447624,3
26968_7_203,48.4748209832,60.7210196527,2
26968_7_204,46.2210118761,56.8031589578,4
26968_7_205,49.1043124038,61.2277224242,2
26968_7_206,48.6601427735,60.8271666638,5
26968_7_207,45.7941164888,56.4701876212,1
26968_7_208,48.4335638535,60.6668931976,5
26968_7_209,48.4165943686,60.7812307826,5
26968_7_210,49.1797440938,61.522611931,2
26968_7_211,48.8906038078,60.8496254369,11
26968_7_214,45.5273409208,56.1588253875,1
26968_7_215,45.719965361,56.0218918299,1
26968_7_216,48.514537434,60.6812038155,5
26968_7_217,48.2964651942,60.4783559967,5
26968_7_218,49.1293863463,60.8727730961,2
26968_7_219,48.896964229,60.8481313076,5
26968_7_21,48.5474961542,60.5875529674,5
26968_7_221,45.7401927595,55.1590527796,3
26968_7_222,49.6666015596,61.4423577663,6
26968_7_223,45.6058386454,56.2568501433,1
26968_7_224,48.6060909819,60.583563121,5
26968_7_225,48.3560942898,60.6793374425,5
26968_7_227,49.2253134015,61.520912178,2
26968_7_229,45.4141394622,55.1177516781,3
26968_7_22,49.5339653561,61.265980083,2
26968_7_230,48.8445374898,60.8540210941,11
26968_7_231,48.6505322332,60.6753177984,5
26968_7_232,48.5562256337,60.5780210315,5
26968_7_233,48.7787062419,60.7445521437,5
26968_7_235,49.6104447409,61.2318462413,2
26968_7_236,46.3439759371,56.6733034028,4
26968_7_237,49.3201379845,61.1524364614,2
26968_7_239,45.1499121077,53.7967141471,7
26968_7_23,46.2541755572,56.6367772044,4
26968_7_240,48.7197487471,60.5880614616,5
26968_7_241,48.6673760631,60.7501793463,5
26968_7_242,48.894861527,60.6604277106,2
26968_7_243,48.4489350321,60.721428753,2
26968_7_244,49.8330400547,61.2001476855,6
26968_7_245,45.9280713091,56.3059229407,1
26968_7_247,45.0998173708,53.6473206271,7
26968_7_248,48.5762205573,60.6506788946,5
26968_7_249,48.1671968006,60.5086027021,5
26968_7_24,45.6459277957,56.2039980301,1
26968_7_253,49.4773608898,61.2762763369,2
26968_7_255,48.4644951077,60.8997092334,5
26968_7_257,48.5009703016,60.7458489817,2
26968_7_259,49.8448230956,61.1230407219,6
26968_7_25,49.9005779042,61.246245488,6
26968_7_261,48.5585512688,60.797678317,5
26968_7_262,48.2240643949,60.3938419611,5
26968_7_263,48.5208882885,60.488842268,5
26968_7_264,49.3530122588,60.8709761458,2
26968_7_265,49.9336577329,61.1603853374,6
26968_7_266,48.2229487531,60.356417074,5
26968_7_26,45.6162482318,55.0820614055,3
26968_7_27,45.584115758,55.0268328977,3
26968_7_28,48.3803372869,60.6139352546,5
26968_7_2,46.5569881901,57.4819943793,8
26968_7_30,49.8539758909,61.5536480649,6
26968_7_31,45.931869676,55.1749774308,3
26968_7_32,45.7729407806,55.0606025552,3
26968_7_34,46.0550180471,56.2001528071,1
26968_7_35,46.304637878,56.6041975436,4
26968_7_36,46.444930925,56.5991305113,4
26968_7_37,46.1543104939,56.4739875694,9
26968_7_38,50.0989485833,61.3179442048,6
26968_7_39,45.6686977163,55.0250835447,3
26968_7_3,49.1654631103,61.2235292845,2
26968_7_40,45.3582562271,54.5477745806,3
26968_7_41,48.4051424026,60.5380478011,5
26968_7_42,45.6452785411,56.3585437735,1
26968_7_43,46.3276668885,56.7671496555,4
26968_7_44,45.9260523269,56.1152181333,9
26968_7_45,49.173677813,61.223289869,2
26968_7_46,49.9043734381,61.1969184723,6
26968_7_47,45.6970453949,55.1436427045,3
26968_7_48,45.4591206087,55.0425460952,3
26968_7_49,46.0065905873,56.2070154917,1
26968_7_4,45.7356681004,56.3350418734,1
26968_7_50,46.1302950739,56.4208530004,9
26968_7_51,45.8106513876,56.2277067517,9
26968_7_52,45.8411611311,56.4126085192,9
26968_7_54,45.810188647,55.084746801,3
26968_7_57,46.5793243776,56.8124808369,4
26968_7_58,46.3920727766,56.7108296236,4
26968_7_59,45.643194687,56.232649575,9
26968_7_5,48.4550838484,60.5471366177,5
26968_7_60,48.6293566877,60.7936268281,5
26968_7_61,49.65376038,61.5082491041,6
26968_7_62,45.6182013176,55.0295886549,3
26968_7_63,48.6194571073,60.5846036662,5
26968_7_65,46.2145419395,56.5907356981,4
26968_7_66,46.1109441217,56.4980155573,9
26968_7_67,45.8051946577,56.28126993,1
26968_7_69,45.5896785099,55.040365227,3
26968_7_6,45.4354186403,54.7982518832,3
26968_7_70,45.2044036661,53.7828031671,7
26968_7_71,48.5498855031,60.5793512126,5
26968_7_72,45.1785031934,53.8321479399,7
26968_7_73,46.3126215613,56.6711307954,4
26968_7_74,45.4970062576,56.234428904,1
26968_7_75,45.9338319703,56.2370096376,9
26968_7_77,45.7420332855,55.1599324141,3
26968_7_78,44.9587848328,53.6067626309,7
26968_7_79,49.8069379089,61.6141921561,6
26968_7_7,48.6095429704,60.4875989825,5
26968_7_80,48.4204177647,60.912772511,5
26968_7_81,45.7073742911,55.0955411403,3
26968_7_83,48.6429906084,60.5957023008,5
26968_7_84,46.2286406839,56.6423165375,4
26968_7_86,46.1792584604,56.7361421353,4
26968_7_87,45.7034155947,56.3268981674,1
26968_7_88,45.4377003505,55.9351532837,1
26968_7_89,48.1264701056,60.3488048085,5
26968_7_8,46.0506950123,56.5571042783,4
26968_7_90,48.3518209359,60.629467345,5
26968_7_91,48.3879399516,60.6752871077,5
26968_7_93,45.8768745646,56.4147834355,9
26968_7_95,46.4875817074,56.6747512714,4
26968_7_96,48.6796861046,60.8316085345,5
26968_7_97,48.1563177316,60.3566893218,5
26968_7_98,45.9325284538,56.4057302625,9
26968_7_9,45.5368697541,56.2326377801,1
GCA_000214195.1_ASM21419v1_genomic,46.2746142753,57.3268991451,8
GCA_000214235.1_ASM21423v1_genomic,46.278930849,57.3245462416,8
GCA_000214805.1_ASM21480v1_genomic,46.2774085735,57.3246002564,8
GCA_000261045.2_ASM26104v2_genomic,46.0617179102,57.0439184743,8
GCA_000292365.1_ASM29236v1_genomic,48.8735852758,60.6989205,2
GCA_000300895.1_ASM30089v1_genomic,46.976006485,57.4207618434,8
GCA_000330865.1_ASM33086v1_genomic,48.3575897928,60.481902197,11
GCA_000336365.1_ASM33636v1_genomic,47.6289833334,57.445287594,8
GCA_000336425.1_ASM33642v1_genomic,48.720030574,61.0553237754,2
GCA_000342205.1_SerMar_1.0_genomic,49.4582981586,60.9283184372,2
GCA_000347995.1_ASM34799v1_genomic,45.493870986,56.2318105278,1
GCA_000422085.1_ASM42208v1_genomic,46.1581442921,56.5746715442,4
GCA_000438825.1_ASM43882v1_genomic,46.3436953144,57.5832522052,8
GCA_000465615.2_GS_De_Novo_Assembly_genomic,49.4404615491,61.2108639294,2
GCA_000468075.1_Serratia_fanticola_AU-P3_3__genomic,45.1623133253,54.945987133,3
GCA_000476315.1_UTAD54_1_genomic,45.4300594161,54.7429911112,3
GCA_000477615.1_Serratia_fanticola_genomic,45.330947071,54.9776949262,3
GCA_000478545.1_ASM47854v1_genomic,46.4491100294,57.556680851,8
GCA_000513215.1_DB11_genomic,48.754941138,60.9795468072,2
GCA_000633335.1_ASM63333v1_genomic,48.8288288288,60.7000245208,2
GCA_000633555.1_ASM63355v1_genomic,48.8449486202,60.6957292552,2
GCA_000648575.1_ASM64857v1_genomic,46.3391526349,57.5509018892,8
GCA_000695485.1_smgenome_genomic,49.487196665,61.3446598118,2
GCA_000695995.1_ASM69599v1_genomic,48.8917526941,61.0186346478,2
GCA_000699165.1_ASM69916v1_genomic,46.1943422656,57.0049904428,4
GCA_000734885.1_SerGri_SPAdes_genomic,45.861279612,53.8442025071,7
GCA_000738535.1_ASM73853v1_genomic,48.8914771331,60.5927907464,2
GCA_000738675.1_ASM73867v1_genomic,48.8609799911,61.0665526439,2
GCA_000739215.1_ASM73921v1_genomic,49.1228041748,61.3818618538,2
GCA_000747565.1_ASM74756v1_genomic,49.3835411674,61.085966927,2
GCA_000783615.2_ASM78361v2_genomic,49.0608088086,61.1907480717,2
GCA_000783915.2_ASM78391v2_genomic,48.9853438557,61.4034432821,2
GCA_000783975.2_ASM78397v2_genomic,49.1522918014,61.1210328272,2
GCA_000805875.1_SmRM66262_v1.0_genomic,49.3420710546,61.5299695195,2
GCA_000828775.1_ASM82877v1_genomic,49.0058742038,61.2532098943,2
GCA_000975245.1_ASM97524v1_genomic,45.9400780915,56.459294842,4
GCA_001006005.1_ASM100600v1_genomic,45.3187517706,54.8244215055,3
GCA_001007555.1_2015-04-28_genomic,48.8754049642,60.6173741939,2
GCA_001011075.1_ASM101107v1_genomic,48.9536717745,60.6478763101,2
GCA_001022215.1_ASM102221v1_genomic,48.5484440733,60.1080973102,2
GCA_001051865.1_ASM105186v1_genomic,48.9052280611,60.9688640743,2
GCA_001060335.1_ASM106033v1_genomic,49.967996467,60.944173497,2
GCA_001060585.1_ASM106058v1_genomic,50.3260413059,61.3797114513,2
GCA_001060625.1_ASM106062v1_genomic,49.1303229553,60.7787690199,2
GCA_001060655.1_ASM106065v1_genomic,49.332723963,60.7783536904,2
GCA_001061145.1_ASM106114v1_genomic,49.9934448336,61.0656840665,2
GCA_001061195.1_ASM106119v1_genomic,50.1920017923,61.3787820294,2
GCA_001061225.1_ASM106122v1_genomic,50.4568257596,61.3482057782,2
GCA_001062235.1_ASM106223v1_genomic,49.5537567765,61.0610264915,2
GCA_001062285.1_ASM106228v1_genomic,49.850920355,61.3798308193,2
GCA_001062925.1_ASM106292v1_genomic,46.3226574607,56.6700010879,4
GCA_001063125.1_ASM106312v1_genomic,48.8480606591,61.1068300215,2
GCA_001063145.1_ASM106314v1_genomic,49.4919448797,61.1778021264,2
GCA_001063175.1_ASM106317v1_genomic,49.5152669608,61.1734603152,2
GCA_001063325.1_ASM106332v1_genomic,49.0266656401,60.8513720636,2
GCA_001063375.1_ASM106337v1_genomic,48.9200738079,60.8520571508,2
GCA_001064335.1_ASM106433v1_genomic,49.4793889564,61.1761517398,2
GCA_001064345.1_ASM106434v1_genomic,49.5490471647,61.17740514,2
GCA_001064455.1_ASM106445v1_genomic,49.3017721644,61.3395579612,2
GCA_001064715.1_ASM106471v1_genomic,49.1182456083,60.8410597315,2
GCA_001064725.1_ASM106472v1_genomic,49.6671733399,60.8862837896,2
GCA_001064835.1_ASM106483v1_genomic,48.961919079,60.874953919,2
GCA_001064855.1_ASM106485v1_genomic,49.0591322976,60.8681962851,2
GCA_001064975.1_ASM106497v1_genomic,48.9848871826,60.8374600769,2
GCA_001065325.1_ASM106532v1_genomic,49.6559169228,61.1370153437,2
GCA_001065405.1_ASM106540v1_genomic,48.8782968589,60.9859901443,2
GCA_001065935.1_ASM106593v1_genomic,49.7892487943,60.4793500126,2
GCA_001066945.1_ASM106694v1_genomic,50.6157736256,61.4519060857,2
GCA_001067015.1_ASM106701v1_genomic,50.2815650902,61.591443954,2
GCA_001067375.1_ASM106737v1_genomic,49.7855659983,60.7396128368,2
GCA_001068085.1_ASM106808v1_genomic,49.5547269743,61.1606443228,2
GCA_001076625.1_ASM107662v1_genomic,49.347928357,61.1988369014,2
GCA_001280365.1_ASM128036v1_genomic,48.9303286313,61.1227312718,2
GCA_001294565.1_ASM129456v1_genomic,49.2260119794,61.3029107408,2
GCA_001317205.2_56_S29v.02_genomic,49.3921997517,60.5326426791,2
GCA_001317425.2_59_S30v.02_genomic,49.2760721098,60.3270921587,2
GCA_001514455.1_ASM151445v1_genomic,45.3573410604,54.9299259291,3
GCA_001536325.1_12082_3_52_genomic,49.1573071551,61.3113685236,2
GCA_001536345.1_12082_2_67_genomic,49.3000636584,61.3313671147,2
GCA_001536365.1_12082_3_76_genomic,49.2548147228,61.3822599171,2
GCA_001536385.1_12082_3_28_genomic,49.4877417414,61.4537520831,2
GCA_001536405.1_12082_3_29_genomic,49.4355652379,61.4521122344,2
GCA_001536425.1_12082_3_92_genomic,49.6088913239,61.354667506,2
GCA_001536445.1_12082_2_63_genomic,49.3107487161,61.413893132,2
GCA_001536465.1_12082_2_70_genomic,49.5892907797,61.4156713447,2
GCA_001536485.1_12082_2_24_genomic,49.254711701,61.3069222935,2
GCA_001536505.1_12082_2_64_genomic,49.4289231297,61.299902195,2
GCA_001536525.1_12082_3_49_genomic,49.4430994877,61.3034199703,2
GCA_001536545.1_12082_3_88_genomic,49.3331449517,61.6227669201,2
GCA_001536565.1_12082_5_49_genomic,49.5125070631,61.4922253154,2
GCA_001536585.1_12082_5_39_genomic,49.3294913524,61.4259534224,2
GCA_001536605.1_12045_8_19_genomic,49.1057314377,61.3779511005,2
GCA_001536625.1_12082_3_56_genomic,49.4307119171,61.6250464674,2
GCA_001536645.1_12082_3_73_genomic,49.5313378993,61.6258382123,2
GCA_001536665.1_12082_3_57_genomic,49.2303915357,61.5640851341,2
GCA_001536685.1_12082_2_86_genomic,49.1785331615,61.4937071691,2
GCA_001536705.1_12082_3_61_genomic,49.3805040209,61.459987644,2
GCA_001536725.1_12082_3_14_genomic,49.5611471374,61.3382902109,2
GCA_001536745.1_12082_3_86_genomic,49.4314051496,61.31314201,2
GCA_001536765.1_12082_2_66_genomic,49.1429679421,61.4732608967,2
GCA_001536845.1_12082_3_30_genomic,49.3285666373,61.2890392139,2
GCA_001536895.1_12082_3_47_genomic,49.2903227809,61.4190845377,2
GCA_001536945.1_12082_3_63_genomic,49.4751297445,61.4171325647,2
GCA_001536965.1_12082_3_42_genomic,49.3950427089,61.3980267205,2
GCA_001536985.1_12082_2_79_genomic,49.4927014265,61.5479286957,2
GCA_001537005.1_12082_3_48_genomic,49.4134056805,61.274724675,2
GCA_001537025.1_12082_2_54_genomic,49.6054868503,61.3548358952,2
GCA_001537045.1_12082_5_37_genomic,49.1329178499,61.5057649994,2
GCA_001537065.1_12082_3_13_genomic,49.3551909848,61.4138998416,2
GCA_001537085.1_12082_3_93_genomic,48.6647820613,60.9123848099,2
GCA_001537105.1_12045_8_17_genomic,49.4802065404,61.4683208669,2
GCA_001537125.1_12082_3_20_genomic,49.3641353197,61.35376548,2
GCA_001537145.1_12082_2_28_genomic,49.2053199232,61.117241565,2
GCA_001537165.1_12082_5_44_genomic,49.5598392167,61.3774419965,2
GCA_001537185.1_12082_3_26_genomic,49.3579768364,61.4138000822,2
GCA_001537205.1_12082_2_37_genomic,49.1561004803,61.2838445063,2
GCA_001537225.1_12082_2_72_genomic,49.5536760349,61.3729742304,2
GCA_001537245.1_12082_2_77_genomic,49.0906814858,61.3729580514,2
GCA_001537265.1_12082_3_3_genomic,49.227571806,61.5085527819,2
GCA_001537285.1_12045_8_16_genomic,49.3689195062,61.4821222998,2
GCA_001537305.1_12082_5_41_genomic,49.2584869595,61.5266868021,2
GCA_001537325.1_12082_2_53_genomic,49.5397038703,61.4700344219,2
GCA_001537345.1_12082_2_78_genomic,49.4923846043,61.5303696216,2
GCA_001537365.1_12082_3_5_genomic,49.4535146601,61.486049356,2
GCA_001537385.1_12082_3_2_genomic,49.0679779474,61.3052869769,2
GCA_001537405.1_12045_8_26_genomic,49.4259913927,61.503493128,2
GCA_001537425.1_12082_2_48_genomic,49.1502226932,61.5700707489,2
GCA_001537445.1_12045_8_9_genomic,49.5117297985,61.3507877906,2
GCA_001537465.1_12082_2_82_genomic,49.2329196127,61.4900041415,2
GCA_001537485.1_12082_2_75_genomic,49.4388600265,61.630385534,2
GCA_001537505.1_12082_5_35_genomic,49.4793333843,61.348934185,2
GCA_001537525.1_12082_2_25_genomic,49.5037258093,61.3216229832,2
GCA_001537545.1_12082_3_18_genomic,49.2519519797,61.120206653,2
GCA_001537565.1_12045_8_25_genomic,48.9608752743,61.132870937,2
GCA_001537585.1_12082_3_71_genomic,49.4216909994,61.4810695867,2
GCA_001537605.1_12082_2_59_genomic,49.3714008011,61.5566209673,2
GCA_001537625.1_12082_3_27_genomic,49.5969564383,61.4387819491,2
GCA_001537645.1_12082_2_39_genomic,49.2552166356,61.286725538,2
GCA_001537665.1_12082_2_85_genomic,49.2034989374,61.3684238045,2
GCA_001537685.1_12082_5_32_genomic,49.4255170664,61.4849542697,2
GCA_001537705.1_12082_3_82_genomic,49.6600789295,61.2896070976,2
GCA_001537725.1_12082_3_7_genomic,49.4028389623,61.0427660794,2
GCA_001537745.1_12082_3_95_genomic,49.1252000813,61.3703210267,2
GCA_001537765.1_12082_2_29_genomic,49.5551921738,61.6203189008,2
GCA_001537785.1_12045_8_1_genomic,49.7296390553,61.4767785989,2
GCA_001537805.1_12082_5_51_genomic,49.5903343205,61.5515454874,2
GCA_001537825.1_12045_8_21_genomic,49.4720449588,61.6234296729,2
GCA_001537845.1_12082_2_32_genomic,49.607933179,61.4691369772,2
GCA_001537865.1_12082_5_46_genomic,49.5936272632,61.3140842035,2
GCA_001537885.1_12082_2_34_genomic,49.5146269346,61.6240238776,2
GCA_001537905.1_12082_5_34_genomic,49.5829131622,61.5424959259,2
GCA_001537925.1_12082_3_89_genomic,49.0679494889,61.1210488841,2
GCA_001538005.1_12082_3_46_genomic,49.4346511142,61.3553484805,2
GCA_001538115.1_12082_3_68_genomic,49.2619834582,61.5133426897,2
GCA_001538195.1_12045_8_14_genomic,48.9548926069,61.2715805846,2
GCA_001538275.1_12082_5_36_genomic,49.4185575036,61.6255426068,2
GCA_001538325.1_12082_5_42_genomic,49.5125710993,61.3221675586,2
GCA_001538345.1_12082_2_92_genomic,49.5625410141,61.4083100922,2
GCA_001538365.1_12082_2_91_genomic,49.5110107528,61.4331067006,2
GCA_001538385.1_12082_5_30_genomic,49.5010765154,61.4622751662,2
GCA_001538405.1_12082_3_65_genomic,49.417556331,61.6242964333,2
GCA_001538425.1_12082_2_74_genomic,49.4469384177,61.5396519117,2
GCA_001538445.1_12082_2_56_genomic,49.3229643865,61.3029906811,2
GCA_001538465.1_12045_8_5_genomic,49.479873221,61.3520677769,2
GCA_001538485.1_12045_8_15_genomic,49.272540094,61.2449459147,2
GCA_001538505.1_12082_3_45_genomic,49.4037840362,61.548562446,2
GCA_001538525.1_12082_2_33_genomic,49.2924913604,61.5627178293,2
GCA_001538545.1_12045_8_11_genomic,49.6344017294,61.5183366167,2
GCA_001538565.1_12082_3_96_genomic,49.2693010933,61.217934115,2
GCA_001538585.1_12082_3_75_genomic,49.4095859257,61.2302581983,2
GCA_001538605.1_12082_2_30_genomic,49.19835988,61.1904356589,2
GCA_001538625.1_12082_2_44_genomic,49.2150272328,61.3928397151,2
GCA_001538645.1_12082_3_15_genomic,49.4438455101,61.4094360527,2
GCA_001538665.1_12082_5_47_genomic,49.2397320313,61.5667336115,2
GCA_001538685.1_12082_3_64_genomic,49.5429156357,61.6240145078,2
GCA_001538705.1_12045_8_23_genomic,49.1427874032,61.1171823914,2
GCA_001538725.1_12082_2_60_genomic,49.3898681129,61.5574307349,2
GCA_001538745.1_12082_3_35_genomic,48.9289223714,61.1145820823,2
GCA_001538765.1_12082_2_35_genomic,49.3396313013,61.3459164465,2
GCA_001538785.1_12045_8_18_genomic,49.0511620076,60.5532196842,2
GCA_001538805.1_12082_2_55_genomic,49.303321031,61.3117643969,2
GCA_001538825.1_12082_2_87_genomic,49.3231576876,61.4027976167,2
GCA_001538845.1_12082_3_90_genomic,49.4680540887,61.6237878671,2
GCA_001538865.1_12082_3_87_genomic,49.4550369494,61.5645081771,2
GCA_001538885.1_12082_3_32_genomic,49.5280794604,61.3557489056,2
GCA_001538905.1_12082_2_23_genomic,49.7059703274,61.3265118585,2
GCA_001538925.1_12082_3_9_genomic,49.2721991074,61.4975797184,2
GCA_001538945.1_12082_3_34_genomic,49.2706161656,61.3255184791,2
GCA_001538965.1_12082_3_39_genomic,49.4403159559,61.350642521,2
GCA_001538985.1_12045_8_27_genomic,49.3747456,61.5321533927,2
GCA_001539005.1_12082_5_33_genomic,49.1019451882,61.367751537,2
GCA_001539025.1_12082_2_27_genomic,49.0727666808,61.1183530699,2
GCA_001539045.1_12082_3_36_genomic,48.913562404,60.2623904639,2
GCA_001539065.1_12082_5_48_genomic,48.9659702331,61.4716549556,2
GCA_001539085.1_12082_3_12_genomic,49.2490216821,61.2976243377,2
GCA_001539105.1_12045_8_10_genomic,49.180952381,61.5094266695,2
GCA_001539125.1_12045_8_6_genomic,49.2728323273,61.3675290984,2
GCA_001539145.1_12082_3_16_genomic,49.6203620839,61.3377687751,2
GCA_001539185.1_12045_8_4_genomic,49.4338179658,61.6016495463,2
GCA_001539205.1_12082_3_59_genomic,49.4791239819,61.277960604,2
GCA_001539225.1_12045_8_7_genomic,49.4891240392,61.5404817247,2
GCA_001539245.1_12082_3_24_genomic,49.3777344873,61.487509471,2
GCA_001539265.1_12082_2_61_genomic,49.4771429069,61.412804126,2
GCA_001539285.1_12082_3_37_genomic,49.2883659967,61.5582746683,2
GCA_001539305.1_12045_8_2_genomic,48.9481005164,61.3710340117,2
GCA_001539325.1_12082_3_53_genomic,49.0894971966,61.3075815073,2
GCA_001539345.1_12082_2_88_genomic,49.1661066841,61.4928260025,2
GCA_001539365.1_12082_2_58_genomic,49.3275426039,61.1877485179,2
GCA_001539385.1_12082_3_19_genomic,49.2639767414,61.3660138235,2
GCA_001539405.1_12082_3_38_genomic,49.593002047,61.4187925775,2
GCA_001539425.1_12082_2_81_genomic,49.3198858422,61.4236471291,2
GCA_001539445.1_12082_3_62_genomic,48.6671789687,60.7508668508,2
GCA_001539465.1_12082_5_50_genomic,49.3493051414,61.4202399969,2
GCA_001539485.1_12045_8_3_genomic,49.3565153956,61.2845445915,2
GCA_001539505.1_12082_2_40_genomic,49.2484151412,61.2875753824,2
GCA_001539525.1_12082_5_52_genomic,49.5878346695,61.4600755029,2
GCA_001539545.1_12082_3_50_genomic,49.6049048149,61.2722691966,2
GCA_001539565.1_12082_3_1_genomic,49.5443340034,61.4689691819,2
GCA_001539585.1_12082_2_69_genomic,49.2681064491,61.1180241785,2
GCA_001539605.1_12082_3_80_genomic,49.4031546416,61.3787279767,2
GCA_001539625.1_12082_3_44_genomic,49.4141201572,61.1224943649,2
GCA_001539645.1_12082_2_46_genomic,49.4979406231,61.6307980692,2
GCA_001539665.1_12082_3_51_genomic,49.5010900818,61.5335220378,2
GCA_001539685.1_12082_3_79_genomic,49.3916488574,61.4666761373,2
GCA_001539705.1_12082_2_51_genomic,49.4990183311,61.4583574,2
GCA_001539725.1_12082_2_47_genomic,49.3037255554,61.3215467792,2
GCA_001539745.1_12082_2_93_genomic,49.5158284102,61.5465788291,2
GCA_001539765.1_12082_2_65_genomic,49.3927446798,61.4589630576,2
GCA_001539785.1_12082_2_36_genomic,49.3797250127,61.4097347066,2
GCA_001539805.1_12082_2_42_genomic,49.4421930001,61.4642103947,2
GCA_001539825.1_12082_3_74_genomic,49.0067492428,61.2815513576,2
GCA_001539845.1_12082_2_73_genomic,49.6275954149,61.4065065188,2
GCA_001539865.1_12082_3_11_genomic,49.4617289346,61.2326328956,2
GCA_001539885.1_12082_2_71_genomic,49.5693676664,61.4604203698,2
GCA_001539905.1_12082_3_58_genomic,49.3269849729,61.5018921822,2
GCA_001539925.1_12082_2_80_genomic,49.5565927468,61.5426066417,2
GCA_001539945.1_12082_3_60_genomic,49.3815269188,61.4199525172,2
GCA_001539965.1_12082_2_38_genomic,49.3216969988,61.4161198969,2
GCA_001539985.1_12045_8_24_genomic,49.0654815311,61.1431596735,2
GCA_001540005.1_12082_3_55_genomic,49.316975564,61.5242736586,2
GCA_001540025.1_12082_3_40_genomic,49.1898169977,61.3059609256,2
GCA_001540045.1_12082_3_77_genomic,49.5658346259,61.4555223849,2
GCA_001540065.1_12082_3_84_genomic,49.3769510748,61.389142649,2
GCA_001540085.1_12082_5_40_genomic,49.2346139854,61.2922368614,2
GCA_001540105.1_12082_3_10_genomic,49.2903632935,61.2305478711,2
GCA_001540125.1_12045_8_28_genomic,49.5449908563,61.3598110935,2
GCA_001540145.1_12082_3_33_genomic,49.2178902629,61.2996732997,2
GCA_001540165.1_12082_3_91_genomic,49.5554653662,61.5147872443,2
GCA_001540185.1_12082_2_41_genomic,49.2989871702,61.4317876409,2
GCA_001540205.1_12082_2_50_genomic,49.0853253107,61.3786449089,2
GCA_001540225.1_12045_8_22_genomic,49.359121062,61.541738747,2
GCA_001540245.1_12082_3_22_genomic,49.3420102148,61.480970982,2
GCA_001540265.1_12082_2_57_genomic,49.2721179665,61.1911824157,2
GCA_001540285.1_12082_3_21_genomic,49.5937647111,61.4209351192,2
GCA_001540305.1_12082_2_94_genomic,49.2031851468,61.3194871475,2
GCA_001540325.1_12082_2_95_genomic,49.524930792,61.6258448967,2
GCA_001540345.1_12082_3_67_genomic,49.2842474345,61.2853140561,2
GCA_001540365.1_12082_2_68_genomic,49.5139075635,61.242801738,2
GCA_001540385.1_12082_2_84_genomic,49.3531789084,61.4141864983,2
GCA_001540405.1_12082_5_45_genomic,49.3059013262,61.3772624012,2
GCA_001540425.1_12082_2_62_genomic,49.4322414115,61.5026018172,2
GCA_001540445.1_12082_3_72_genomic,49.3557661422,61.5569623647,2
GCA_001540465.1_12082_5_38_genomic,49.2497554486,61.2701836127,2
GCA_001540485.1_12082_3_23_genomic,49.5081961934,61.5560902159,2
GCA_001540505.1_12082_3_78_genomic,49.5986809358,61.4641541207,2
GCA_001540525.1_12082_2_76_genomic,49.4986119767,61.2759082497,2
GCA_001540545.1_12082_3_66_genomic,49.2957012385,61.3017256969,2
GCA_001540565.1_12082_3_94_genomic,49.3721249871,61.4829160777,2
GCA_001540585.1_12082_3_85_genomic,49.4326189566,61.4365783352,2
GCA_001540605.1_12082_2_83_genomic,49.3837709567,61.4135693957,2
GCA_001540625.1_12082_2_89_genomic,49.4899977951,61.4660774217,2
GCA_001540645.1_12045_8_13_genomic,49.5505147511,61.3726194287,2
GCA_001540665.1_12045_8_12_genomic,49.4419014295,61.3844475502,2
GCA_001540685.1_12082_3_6_genomic,49.443305736,61.2670920891,2
GCA_001540705.1_12082_3_70_genomic,49.1723415944,61.1870555301,2
GCA_001540725.1_12082_2_52_genomic,49.3040016365,61.4114761628,2
GCA_001540745.1_12082_3_4_genomic,49.0885329933,61.5628211603,2
GCA_001540765.1_12082_2_96_genomic,49.313578572,61.6306112378,2
GCA_001540785.1_12082_3_83_genomic,49.425470063,61.4035455877,2
GCA_001540805.1_12082_2_45_genomic,49.4937928689,61.624561929,2
GCA_001540825.1_12082_3_54_genomic,49.2108558757,61.0721253017,2
GCA_001559135.2_ASM155913v2_genomic,46.0966571911,56.593965339,4
GCA_001564475.1_12082_3_81_genomic,49.8277671216,61.4923658017,2
GCA_001566695.1_ASM156669v1_genomic,49.9137387574,60.9468209164,2
GCA_001572725.1_ASM157272v1_genomic,48.7831869052,60.7424128417,11
GCA_001606165.1_ASM160616v1_genomic,46.4495002739,57.3045682125,8
GCA_001642805.2_ASM164280v2_genomic,48.9557811224,61.025075934,2
GCA_001643155.1_ASM164315v1_genomic,48.9349371176,60.8008687736,2
GCA_001663115.1_ASM166311v1_genomic,46.4048975709,57.4148188858,8
GCA_001663135.1_ASM166313v1_genomic,46.4248449518,57.6087052823,8
GCA_001672055.1_ASM167205v1_genomic,49.306679926,61.2685371808,2
GCA_001692375.1_ASM169237v1_genomic,45.9699406435,54.7318260766,3
GCA_001714765.1_SerISTD041.0_genomic,50.3995186269,61.1023480943,2
GCA_001716895.1_ASM171689v1_genomic,49.1873839236,61.2153474966,2
GCA_001853455.1_ASM185345v1_genomic,48.823053381,60.9999533311,2
GCA_001853495.1_ASM185349v1_genomic,49.0591626192,61.0086205164,2
GCA_001880985.1_ASM188098v1_genomic,45.4056372599,55.1510806117,3
GCA_001889685.1_ASM188968v1_genomic,49.8914305554,60.6810682294,2
GCA_001902635.1_ASM190263v1_genomic,49.1070531995,60.248873327,13
GCA_001909165.1_ASM190916v1_genomic,48.9025094986,61.0083803053,2
GCA_001914155.1_ASM191415v1_genomic,49.8459636718,61.5356142023,2
GCA_001932655.1_ASM193265v1_genomic,48.9393834471,60.988725357,2
GCA_001984565.1_ASM198456v1_genomic,49.6855974117,61.3254102946,2
GCA_002029205.1_ASM202920v1_genomic,49.2666932651,60.774690434,2
GCA_002029225.1_ASM202922v1_genomic,49.2238769597,61.0432447286,2
GCA_002104095.1_ASM210409v1_genomic,49.2289864696,61.4396937073,2
GCA_002104105.1_ASM210410v1_genomic,49.320753221,61.4383228086,2
GCA_002104115.1_ASM210411v1_genomic,49.231381355,61.4289503935,2
GCA_002118055.1_ASM211805v1_genomic,49.2753978118,60.7366705769,2
GCA_002206385.2_ASM220638v2_genomic,48.5721741519,57.1954971267,10
GCA_002220515.1_ASM222051v1_genomic,48.7966278178,60.9154650481,2
GCA_002220535.1_ASM222053v1_genomic,49.3118853249,61.0708756628,2
GCA_002220555.1_ASM222055v1_genomic,49.370394177,61.6491407009,2
GCA_002220575.1_ASM222057v1_genomic,48.5196864933,60.8192392984,2
GCA_002220595.1_ASM222059v1_genomic,48.7107986439,60.7678107962,2
GCA_002220615.1_ASM222061v1_genomic,48.8679830627,60.9023539416,2
GCA_002220635.1_ASM222063v1_genomic,48.7225567197,61.0212315296,2
GCA_002220655.1_ASM222065v1_genomic,49.1026528549,61.163247224,2
GCA_002220675.1_ASM222067v1_genomic,49.1603920967,60.9882201382,2
GCA_002220695.1_ASM222069v1_genomic,48.53585696,60.8207664172,2
GCA_002220715.1_ASM222071v1_genomic,48.8631388634,60.7471929146,2
GCA_002269665.1_ASM226966v1_genomic,45.4835019992,55.1174959582,3
GCA_002325865.1_ASM232586v1_genomic,49.2637022978,61.283214216,2
GCA_002588845.1_ASM258884v1_genomic,45.3715338402,54.9706623683,3
GCA_002607755.1_ASM260775v1_genomic,44.9653748113,56.1441621496,9
GCA_002738105.1_ASM273810v1_genomic,49.3106345614,61.3404377058,2
GCA_002738145.1_ASM273814v1_genomic,49.4405243069,61.2434816484,2
GCA_002738155.1_ASM273815v1_genomic,49.2149828442,60.4174016048,2
GCA_002738185.1_ASM273818v1_genomic,48.7217333712,60.5058138194,2
GCA_002751935.1_ASM275193v1_genomic,49.2080454279,60.8540110897,2
GCA_002751955.1_ASM275195v1_genomic,49.1100599427,60.8703242137,2
GCA_002752085.1_ASM275208v1_genomic,49.4145401191,60.998518364,2
GCA_002752095.1_ASM275209v1_genomic,49.0229040675,60.8769150864,2
GCA_002752135.1_ASM275213v1_genomic,49.0828197421,60.8329449772,2
GCA_002752155.1_ASM275215v1_genomic,49.1802522017,60.8705638893,2
GCA_002752195.1_ASM275219v1_genomic,49.185806479,60.9577728301,2
GCA_002752235.1_ASM275223v1_genomic,49.2181012904,60.9113533384,2
GCA_002752255.1_ASM275225v1_genomic,49.1569345431,60.9532850829,2
GCA_002752265.1_ASM275226v1_genomic,49.343491184,60.9385576003,2
GCA_002752435.1_ASM275243v1_genomic,49.1119777658,60.8294352477,2
GCA_002752455.1_ASM275245v1_genomic,48.4571399744,60.6746044487,2
GCA_002752475.1_ASM275247v1_genomic,48.5023686135,60.6277814828,2
GCA_002752495.1_ASM275249v1_genomic,49.2428455803,60.8161731084,2
GCA_002752535.1_ASM275253v1_genomic,49.2325103719,60.747085899,2
GCA_002810285.1_ASM281028v1_genomic,49.4422065952,61.2410771449,2
GCA_002886905.1_ASM288690v1_genomic,48.5927968394,59.903005575,2
GCA_002887105.1_ASM288710v1_genomic,48.4216444552,59.7257159759,2
GCA_002915435.1_ASM291543v1_genomic,48.9469510807,60.9257103803,2
GCA_002915445.1_ASM291544v1_genomic,49.4189589491,61.1928435274,2
GCA_002915475.1_ASM291547v1_genomic,49.3715005211,61.1939267852,2
GCA_002918955.1_ASM291895v1_genomic,48.915221772,60.506476161,2
GCA_002920095.1_ASM292009v1_genomic,48.8175112287,60.5392330718,2
GCA_002920115.1_ASM292011v1_genomic,48.8812008181,60.4773038574,2
GCA_002920145.1_ASM292014v1_genomic,49.0807524373,60.4803930391,2
GCA_002920335.1_ASM292033v1_genomic,49.6310369819,61.5465589632,2
GCA_002920345.1_ASM292034v1_genomic,50.4664373768,61.5344723335,2
GCA_002920375.1_ASM292037v1_genomic,49.6552858827,61.4822348622,2
GCA_002920385.1_ASM292038v1_genomic,50.0875097431,61.5300432748,2
GCA_002920415.1_ASM292041v1_genomic,50.1683082696,61.5333676322,2
GCA_002920435.1_ASM292043v1_genomic,49.584804872,61.4775026645,2
GCA_002920455.1_ASM292045v1_genomic,49.4040339757,61.1943274691,2
GCA_002920475.1_ASM292047v1_genomic,49.9449749836,61.4923930658,2
GCA_002920485.1_ASM292048v1_genomic,49.880162094,61.528790445,2
GCA_002920515.1_ASM292051v1_genomic,50.3109809068,61.7172504553,2
GCA_002935055.1_ASM293505v1_genomic,48.7160357641,60.6145408826,2
GCA_003146705.1_ASM314670v1_genomic,48.326966932,60.0104149056,2
GCA_003182655.1_ASM318265v1_genomic,49.1539250632,60.9707092425,2
GCA_003206015.1_ASM320601v1_genomic,46.5314970477,57.4889493568,8
GCA_003241435.1_ASM324143v1_genomic,50.4651933801,61.7244327056,2
GCA_003524615.1_ASM352461v1_genomic,46.3462214178,56.7440600218,4
GCA_003530495.1_ASM353049v1_genomic,45.1873471719,53.8199773695,7
GCA_003540595.1_ASM354059v1_genomic,46.4581972505,56.7997932778,9
GCA_003591175.1_ASM359117v1_genomic,46.2453138094,57.2241297323,8
GCA_003634415.1_ASM363441v1_genomic,46.2602338171,57.306288193,8
GCA_003641105.1_ASM364110v1_genomic,49.268757179,61.1412895128,6
GCA_003699145.1_ASM369914v1_genomic,47.6204715522,57.743614322,8
GCA_003812745.1_ASM381274v1_genomic,48.9552685553,60.7915441214,2
GCA_003967055.1_ASM396705v1_genomic,49.1138402535,61.0540979769,2
GCA_004153725.1_ASM415372v1_genomic,44.9822980268,56.0098260268,9
GCA_004153735.1_ASM415373v1_genomic,45.1930673016,56.0734830466,9
GCA_004153785.1_ASM415378v1_genomic,45.0114134191,55.9369964522,1
GCA_004153815.1_ASM415381v1_genomic,45.4526300796,56.4702312896,4
GCA_004153825.1_ASM415382v1_genomic,45.4736880731,56.3271421182,4
GCA_004153865.1_ASM415386v1_genomic,45.8630841747,56.7614906314,4
GCA_004153875.1_ASM415387v1_genomic,45.9488413709,56.760786429,4
GCA_004153885.1_ASM415388v1_genomic,45.2053014354,56.6298095881,4
GCA_004196355.1_ASM419635v1_genomic,49.3686768167,61.0327558018,2
GCA_004196365.1_ASM419636v1_genomic,49.3655480687,60.711628707,2
GCA_900108825.1_SM1890_genomic,48.8198311435,59.804258351,2
GCA_900175135.1_MFPA44A14-05.10_genomic,46.0690316395,56.0997915406,9
GCA_900186025.1_BXF1_genomic,44.9400302335,53.8543212129,7
GCA_900187015.1_50465_F01_genomic,49.2446800095,61.5814800192,6
GCA_900456915.1_56433_D01_genomic,49.2052455915,60.7919219511,2
GCA_900456935.1_38109_A02_genomic,45.0328524962,53.7854906217,7
GCA_900456965.1_57675_G01_genomic,45.6279345064,56.2455378307,9
GCA_900457005.1_59449_G02_genomic,46.0249348023,56.2575618891,1
GCA_900457055.1_32117_E02_genomic,51.4501873609,61.2753250238,2
GCA_900457075.1_36672_B01_genomic,45.6639321354,56.0179797333,1
GCA_900457085.1_56089_E02_genomic,45.9941751999,56.4175847147,4
GCA_900478125.1_28193_B02_genomic,47.4235497874,57.3557899835,8
GCA_900478395.1_32135_B01_genomic,47.6603603085,59.2740968391,12
GCA_900635445.1_28869_A02_genomic,48.9862066335,57.1898560203,10
GCA_900635625.1_31436_B01_genomic,46.7329848057,57.1670324993,8
GCA_900635665.1_31769_F01_genomic,49.9982461064,60.3122225935,11
GCA_900637965.1_53990_D02_genomic,46.3022897337,57.0436284936,8
GCA_900638005.1_53550_B01_genomic,48.5587900422,60.5415682386,11
GCA_900638135.1_56433_G01_genomic,45.4228215422,56.3193145219,1
GCA_900638145.1_56433_F01_genomic,45.701807631,54.9969126156,3
SJC1001,49.8198646526,61.1495168059,2
SJC1005,49.1557591317,60.7920141777,2
SJC1010,49.2317003177,61.1366483426,2
SJC1014,49.5489435525,61.2339477284,2
SJC1015,49.1132103531,61.1107762558,2
SJC1019,49.0342118589,60.8642067961,2
SJC1021,49.0218952768,61.1281033643,2
SJC1033,49.27248773,60.7350431691,2
SJC1036,49.5724393117,61.3377632843,2
SJC1039,49.5585620024,61.6300000977,2
SJC1041,49.5526582896,61.3046030431,2
SJC1042,49.5018520277,61.4183582263,2
SJC1043,48.8676415025,60.5072699868,2
SJC1044,48.8497901673,60.5138963172,2
SJC1045,48.8308848977,60.5169817132,2
SJC1046,49.0060452343,60.4996804853,2
SJC1047,49.628201681,61.3238241375,2
SJC1048,48.8376720138,60.5108882804,2
SJC1049,49.5508353486,61.5795631366,2
SJC1050,48.8270166908,60.5135212309,2
SJC1051,48.860026111,60.4228710015,2
SJC1052,48.8607288009,60.5096516481,2
SJC1053,49.6736277641,61.5753138389,2
SJC1054,48.8782313424,60.5056720255,2
SJC1055,49.2380069764,60.779072794,2
SJC1056,49.2858979232,61.3229983652,2
SJC1057,49.6505898185,61.1325722402,2
SJC1058,48.9788843799,60.4683841429,2
SJC1059,49.6299238291,61.1342781144,2
SJC1060,49.3767023943,61.0777590749,2
SJC1061,48.9784518254,60.4578823948,2
SJC1062,49.0209774885,60.4666144738,2
SJC1063,46.2593827244,56.4954154585,4
SJC1064,46.5886635903,56.1871265003,4
SJC1065,49.2251772762,60.7812866475,2
SJC1066,49.0626920713,61.0230804907,2
SJC1067,48.9308862929,60.8277589814,2
SJC1068,48.7829764024,60.5470943856,2
SJC1069,48.9547713456,60.6934415328,2
SJC1070,49.0005625044,60.4710817076,2
SJC1071,48.980045265,60.9511745637,2
